<Newsitem>
<Title>British activist Maureen Lines passes away in Peshawar</Title>
<Description><p>She was living in Kalash Valley, Khyber-Pakhtunkhwa since 1980</p>
<p>The post <a rel="nofollow" href="https://tribune.com.pk/story/1359122/british-activist-maureen-lines-passes-away-peshawar/">British activist Maureen Lines passes away in Peshawar</a> appeared first on <a rel="nofollow" href="https://tribune.com.pk">The Express Tribune</a>.</p>
</Description>
<PublishedDate>Sat, 18 Mar 2017 12:57:50 +0000</PublishedDate>
<NewsChannel></NewsChannel>
<Title>British activist Maureen Lines passes away in Peshawar</Title>
<Description><p>She was living in Kalash Valley, Khyber-Pakhtunkhwa since 1980</p>
<p>The post <a rel="nofollow" href="https://tribune.com.pk/story/1359122/british-activist-maureen-lines-passes-away-peshawar/">British activist Maureen Lines passes away in Peshawar</a> appeared first on <a rel="nofollow" href="https://tribune.com.pk">The Express Tribune</a>.</p>
</Description>
<PublishedDate>Sat, 18 Mar 2017 12:57:50 +0000</PublishedDate>
<NewsChannel></NewsChannel>
<Title>German Foreign Minister says Turkey further away from EU membership than ever</Title>
<Description><p>Minister says he also said that he always had doubts about whether Turkey should join the EU</p>
<p>The post <a rel="nofollow" href="https://tribune.com.pk/story/1359117/german-foreign-minister-says-turkey-away-eu-membership-ever/">German Foreign Minister says Turkey further away from EU membership than ever</a> appeared first on <a rel="nofollow" href="https://tribune.com.pk">The Express Tribune</a>.</p>
</Description>
<PublishedDate>Sat, 18 Mar 2017 12:22:52 +0000</PublishedDate>
<NewsChannel></NewsChannel>
<Title>British activist Maureen Lines passes away in Peshawar</Title>
<Description><p>She was living in Kalash Valley, Khyber-Pakhtunkhwa since 1980</p>
<p>The post <a rel="nofollow" href="https://tribune.com.pk/story/1359122/british-activist-maureen-lines-passes-away-peshawar/">British activist Maureen Lines passes away in Peshawar</a> appeared first on <a rel="nofollow" href="https://tribune.com.pk">The Express Tribune</a>.</p>
</Description>
<PublishedDate>Sat, 18 Mar 2017 12:57:50 +0000</PublishedDate>
<NewsChannel></NewsChannel>
<Title>German Foreign Minister says Turkey further away from EU membership than ever</Title>
<Description><p>Minister says he also said that he always had doubts about whether Turkey should join the EU</p>
<p>The post <a rel="nofollow" href="https://tribune.com.pk/story/1359117/german-foreign-minister-says-turkey-away-eu-membership-ever/">German Foreign Minister says Turkey further away from EU membership than ever</a> appeared first on <a rel="nofollow" href="https://tribune.com.pk">The Express Tribune</a>.</p>
</Description>
<PublishedDate>Sat, 18 Mar 2017 12:22:52 +0000</PublishedDate>
<NewsChannel></NewsChannel>
<Title>ATC orders police to produce Farooq Sattar ‘at all costs’</Title>
<Description><p>Development comes a day after MQM-Pakistan chief was briefly detained for hate speech case</p>
<p>The post <a rel="nofollow" href="https://tribune.com.pk/story/1359067/atc-orders-police-produce-farooq-sattar-costs/">ATC orders police to produce Farooq Sattar &#8216;at all costs&#8217;</a> appeared first on <a rel="nofollow" href="https://tribune.com.pk">The Express Tribune</a>.</p>
</Description>
<PublishedDate>Sat, 18 Mar 2017 12:03:59 +0000</PublishedDate>
<NewsChannel></NewsChannel>
<Title>British activist Maureen Lines passes away in Peshawar</Title>
<Description><p>She was living in Kalash Valley, Khyber-Pakhtunkhwa since 1980</p>
<p>The post <a rel="nofollow" href="https://tribune.com.pk/story/1359122/british-activist-maureen-lines-passes-away-peshawar/">British activist Maureen Lines passes away in Peshawar</a> appeared first on <a rel="nofollow" href="https://tribune.com.pk">The Express Tribune</a>.</p>
</Description>
<PublishedDate>Sat, 18 Mar 2017 12:57:50 +0000</PublishedDate>
<NewsChannel></NewsChannel>
<Title>German Foreign Minister says Turkey further away from EU membership than ever</Title>
<Description><p>Minister says he also said that he always had doubts about whether Turkey should join the EU</p>
<p>The post <a rel="nofollow" href="https://tribune.com.pk/story/1359117/german-foreign-minister-says-turkey-away-eu-membership-ever/">German Foreign Minister says Turkey further away from EU membership than ever</a> appeared first on <a rel="nofollow" href="https://tribune.com.pk">The Express Tribune</a>.</p>
</Description>
<PublishedDate>Sat, 18 Mar 2017 12:22:52 +0000</PublishedDate>
<NewsChannel></NewsChannel>
<Title>ATC orders police to produce Farooq Sattar ‘at all costs’</Title>
<Description><p>Development comes a day after MQM-Pakistan chief was briefly detained for hate speech case</p>
<p>The post <a rel="nofollow" href="https://tribune.com.pk/story/1359067/atc-orders-police-produce-farooq-sattar-costs/">ATC orders police to produce Farooq Sattar &#8216;at all costs&#8217;</a> appeared first on <a rel="nofollow" href="https://tribune.com.pk">The Express Tribune</a>.</p>
</Description>
<PublishedDate>Sat, 18 Mar 2017 12:03:59 +0000</PublishedDate>
<NewsChannel></NewsChannel>
<Title>This is unacceptable: Anushka Sharma on ‘Padmavati’ incident</Title>
<Description><p>Actor condemns torching of the set</p>
<p>The post <a rel="nofollow" href="https://tribune.com.pk/story/1359112/unacceptable-anushka-sharma-padmavati-incident/">This is unacceptable: Anushka Sharma on &#8216;Padmavati&#8217; incident</a> appeared first on <a rel="nofollow" href="https://tribune.com.pk">The Express Tribune</a>.</p>
</Description>
<PublishedDate>Sat, 18 Mar 2017 11:59:22 +0000</PublishedDate>
<NewsChannel></NewsChannel>
<Title>British activist Maureen Lines passes away in Peshawar</Title>
<Description><p>She was living in Kalash Valley, Khyber-Pakhtunkhwa since 1980</p>
<p>The post <a rel="nofollow" href="https://tribune.com.pk/story/1359122/british-activist-maureen-lines-passes-away-peshawar/">British activist Maureen Lines passes away in Peshawar</a> appeared first on <a rel="nofollow" href="https://tribune.com.pk">The Express Tribune</a>.</p>
</Description>
<PublishedDate>Sat, 18 Mar 2017 12:57:50 +0000</PublishedDate>
<NewsChannel></NewsChannel>
<Title>German Foreign Minister says Turkey further away from EU membership than ever</Title>
<Description><p>Minister says he also said that he always had doubts about whether Turkey should join the EU</p>
<p>The post <a rel="nofollow" href="https://tribune.com.pk/story/1359117/german-foreign-minister-says-turkey-away-eu-membership-ever/">German Foreign Minister says Turkey further away from EU membership than ever</a> appeared first on <a rel="nofollow" href="https://tribune.com.pk">The Express Tribune</a>.</p>
</Description>
<PublishedDate>Sat, 18 Mar 2017 12:22:52 +0000</PublishedDate>
<NewsChannel></NewsChannel>
<Title>ATC orders police to produce Farooq Sattar ‘at all costs’</Title>
<Description><p>Development comes a day after MQM-Pakistan chief was briefly detained for hate speech case</p>
<p>The post <a rel="nofollow" href="https://tribune.com.pk/story/1359067/atc-orders-police-produce-farooq-sattar-costs/">ATC orders police to produce Farooq Sattar &#8216;at all costs&#8217;</a> appeared first on <a rel="nofollow" href="https://tribune.com.pk">The Express Tribune</a>.</p>
</Description>
<PublishedDate>Sat, 18 Mar 2017 12:03:59 +0000</PublishedDate>
<NewsChannel></NewsChannel>
<Title>This is unacceptable: Anushka Sharma on ‘Padmavati’ incident</Title>
<Description><p>Actor condemns torching of the set</p>
<p>The post <a rel="nofollow" href="https://tribune.com.pk/story/1359112/unacceptable-anushka-sharma-padmavati-incident/">This is unacceptable: Anushka Sharma on &#8216;Padmavati&#8217; incident</a> appeared first on <a rel="nofollow" href="https://tribune.com.pk">The Express Tribune</a>.</p>
</Description>
<PublishedDate>Sat, 18 Mar 2017 11:59:22 +0000</PublishedDate>
<NewsChannel></NewsChannel>
<Title>Iran MP slams Guards for social media arrests</Title>
<Description><p>The arrests are alleged to have targeted people supporting reformists and President Hassan Rouhani's moderate govt</p>
<p>The post <a rel="nofollow" href="https://tribune.com.pk/story/1359095/iran-mp-slams-guards-social-media-arrests/">Iran MP slams Guards for social media arrests</a> appeared first on <a rel="nofollow" href="https://tribune.com.pk">The Express Tribune</a>.</p>
</Description>
<PublishedDate>Sat, 18 Mar 2017 11:39:37 +0000</PublishedDate>
<NewsChannel></NewsChannel>
<Title>British activist Maureen Lines passes away in Peshawar</Title>
<Description><p>She was living in Kalash Valley, Khyber-Pakhtunkhwa since 1980</p>
<p>The post <a rel="nofollow" href="https://tribune.com.pk/story/1359122/british-activist-maureen-lines-passes-away-peshawar/">British activist Maureen Lines passes away in Peshawar</a> appeared first on <a rel="nofollow" href="https://tribune.com.pk">The Express Tribune</a>.</p>
</Description>
<PublishedDate>Sat, 18 Mar 2017 12:57:50 +0000</PublishedDate>
<NewsChannel></NewsChannel>
<Title>German Foreign Minister says Turkey further away from EU membership than ever</Title>
<Description><p>Minister says he also said that he always had doubts about whether Turkey should join the EU</p>
<p>The post <a rel="nofollow" href="https://tribune.com.pk/story/1359117/german-foreign-minister-says-turkey-away-eu-membership-ever/">German Foreign Minister says Turkey further away from EU membership than ever</a> appeared first on <a rel="nofollow" href="https://tribune.com.pk">The Express Tribune</a>.</p>
</Description>
<PublishedDate>Sat, 18 Mar 2017 12:22:52 +0000</PublishedDate>
<NewsChannel></NewsChannel>
<Title>ATC orders police to produce Farooq Sattar ‘at all costs’</Title>
<Description><p>Development comes a day after MQM-Pakistan chief was briefly detained for hate speech case</p>
<p>The post <a rel="nofollow" href="https://tribune.com.pk/story/1359067/atc-orders-police-produce-farooq-sattar-costs/">ATC orders police to produce Farooq Sattar &#8216;at all costs&#8217;</a> appeared first on <a rel="nofollow" href="https://tribune.com.pk">The Express Tribune</a>.</p>
</Description>
<PublishedDate>Sat, 18 Mar 2017 12:03:59 +0000</PublishedDate>
<NewsChannel></NewsChannel>
<Title>This is unacceptable: Anushka Sharma on ‘Padmavati’ incident</Title>
<Description><p>Actor condemns torching of the set</p>
<p>The post <a rel="nofollow" href="https://tribune.com.pk/story/1359112/unacceptable-anushka-sharma-padmavati-incident/">This is unacceptable: Anushka Sharma on &#8216;Padmavati&#8217; incident</a> appeared first on <a rel="nofollow" href="https://tribune.com.pk">The Express Tribune</a>.</p>
</Description>
<PublishedDate>Sat, 18 Mar 2017 11:59:22 +0000</PublishedDate>
<NewsChannel></NewsChannel>
<Title>Iran MP slams Guards for social media arrests</Title>
<Description><p>The arrests are alleged to have targeted people supporting reformists and President Hassan Rouhani's moderate govt</p>
<p>The post <a rel="nofollow" href="https://tribune.com.pk/story/1359095/iran-mp-slams-guards-social-media-arrests/">Iran MP slams Guards for social media arrests</a> appeared first on <a rel="nofollow" href="https://tribune.com.pk">The Express Tribune</a>.</p>
</Description>
<PublishedDate>Sat, 18 Mar 2017 11:39:37 +0000</PublishedDate>
<NewsChannel></NewsChannel>
<Title>Immigration judges headed to 12 US cities to speed deportations</Title>
<Description><p>The plan is in line with a vow made frequently by Trump during election campaign to deport illegal immigrants </p>
<p>The post <a rel="nofollow" href="https://tribune.com.pk/story/1359101/immigration-judges-headed-12-us-cities-speed-deportations/">Immigration judges headed to 12 US cities to speed deportations</a> appeared first on <a rel="nofollow" href="https://tribune.com.pk">The Express Tribune</a>.</p>
</Description>
<PublishedDate>Sat, 18 Mar 2017 11:18:07 +0000</PublishedDate>
<NewsChannel></NewsChannel>
<Title>British activist Maureen Lines passes away in Peshawar</Title>
<Description><p>She was living in Kalash Valley, Khyber-Pakhtunkhwa since 1980</p>
<p>The post <a rel="nofollow" href="https://tribune.com.pk/story/1359122/british-activist-maureen-lines-passes-away-peshawar/">British activist Maureen Lines passes away in Peshawar</a> appeared first on <a rel="nofollow" href="https://tribune.com.pk">The Express Tribune</a>.</p>
</Description>
<PublishedDate>Sat, 18 Mar 2017 12:57:50 +0000</PublishedDate>
<NewsChannel></NewsChannel>
<Title>German Foreign Minister says Turkey further away from EU membership than ever</Title>
<Description><p>Minister says he also said that he always had doubts about whether Turkey should join the EU</p>
<p>The post <a rel="nofollow" href="https://tribune.com.pk/story/1359117/german-foreign-minister-says-turkey-away-eu-membership-ever/">German Foreign Minister says Turkey further away from EU membership than ever</a> appeared first on <a rel="nofollow" href="https://tribune.com.pk">The Express Tribune</a>.</p>
</Description>
<PublishedDate>Sat, 18 Mar 2017 12:22:52 +0000</PublishedDate>
<NewsChannel></NewsChannel>
<Title>ATC orders police to produce Farooq Sattar ‘at all costs’</Title>
<Description><p>Development comes a day after MQM-Pakistan chief was briefly detained for hate speech case</p>
<p>The post <a rel="nofollow" href="https://tribune.com.pk/story/1359067/atc-orders-police-produce-farooq-sattar-costs/">ATC orders police to produce Farooq Sattar &#8216;at all costs&#8217;</a> appeared first on <a rel="nofollow" href="https://tribune.com.pk">The Express Tribune</a>.</p>
</Description>
<PublishedDate>Sat, 18 Mar 2017 12:03:59 +0000</PublishedDate>
<NewsChannel></NewsChannel>
<Title>This is unacceptable: Anushka Sharma on ‘Padmavati’ incident</Title>
<Description><p>Actor condemns torching of the set</p>
<p>The post <a rel="nofollow" href="https://tribune.com.pk/story/1359112/unacceptable-anushka-sharma-padmavati-incident/">This is unacceptable: Anushka Sharma on &#8216;Padmavati&#8217; incident</a> appeared first on <a rel="nofollow" href="https://tribune.com.pk">The Express Tribune</a>.</p>
</Description>
<PublishedDate>Sat, 18 Mar 2017 11:59:22 +0000</PublishedDate>
<NewsChannel></NewsChannel>
<Title>Iran MP slams Guards for social media arrests</Title>
<Description><p>The arrests are alleged to have targeted people supporting reformists and President Hassan Rouhani's moderate govt</p>
<p>The post <a rel="nofollow" href="https://tribune.com.pk/story/1359095/iran-mp-slams-guards-social-media-arrests/">Iran MP slams Guards for social media arrests</a> appeared first on <a rel="nofollow" href="https://tribune.com.pk">The Express Tribune</a>.</p>
</Description>
<PublishedDate>Sat, 18 Mar 2017 11:39:37 +0000</PublishedDate>
<NewsChannel></NewsChannel>
<Title>Immigration judges headed to 12 US cities to speed deportations</Title>
<Description><p>The plan is in line with a vow made frequently by Trump during election campaign to deport illegal immigrants </p>
<p>The post <a rel="nofollow" href="https://tribune.com.pk/story/1359101/immigration-judges-headed-12-us-cities-speed-deportations/">Immigration judges headed to 12 US cities to speed deportations</a> appeared first on <a rel="nofollow" href="https://tribune.com.pk">The Express Tribune</a>.</p>
</Description>
<PublishedDate>Sat, 18 Mar 2017 11:18:07 +0000</PublishedDate>
<NewsChannel></NewsChannel>
<Title>Spot-fixing is never a mistake, it’s a crime: Hafeez</Title>
<Description><p>Pakistan veteran all-rounder says example should be made out of guilty players</p>
<p>The post <a rel="nofollow" href="https://tribune.com.pk/story/1359099/spot-fixing-never-mistake-crime-hafeez/">Spot-fixing is never a mistake, it’s a crime: Hafeez</a> appeared first on <a rel="nofollow" href="https://tribune.com.pk">The Express Tribune</a>.</p>
</Description>
<PublishedDate>Sat, 18 Mar 2017 11:16:23 +0000</PublishedDate>
<NewsChannel></NewsChannel>
<Title>British activist Maureen Lines passes away in Peshawar</Title>
<Description><p>She was living in Kalash Valley, Khyber-Pakhtunkhwa since 1980</p>
<p>The post <a rel="nofollow" href="https://tribune.com.pk/story/1359122/british-activist-maureen-lines-passes-away-peshawar/">British activist Maureen Lines passes away in Peshawar</a> appeared first on <a rel="nofollow" href="https://tribune.com.pk">The Express Tribune</a>.</p>
</Description>
<PublishedDate>Sat, 18 Mar 2017 12:57:50 +0000</PublishedDate>
<NewsChannel></NewsChannel>
<Title>German Foreign Minister says Turkey further away from EU membership than ever</Title>
<Description><p>Minister says he also said that he always had doubts about whether Turkey should join the EU</p>
<p>The post <a rel="nofollow" href="https://tribune.com.pk/story/1359117/german-foreign-minister-says-turkey-away-eu-membership-ever/">German Foreign Minister says Turkey further away from EU membership than ever</a> appeared first on <a rel="nofollow" href="https://tribune.com.pk">The Express Tribune</a>.</p>
</Description>
<PublishedDate>Sat, 18 Mar 2017 12:22:52 +0000</PublishedDate>
<NewsChannel></NewsChannel>
<Title>ATC orders police to produce Farooq Sattar ‘at all costs’</Title>
<Description><p>Development comes a day after MQM-Pakistan chief was briefly detained for hate speech case</p>
<p>The post <a rel="nofollow" href="https://tribune.com.pk/story/1359067/atc-orders-police-produce-farooq-sattar-costs/">ATC orders police to produce Farooq Sattar &#8216;at all costs&#8217;</a> appeared first on <a rel="nofollow" href="https://tribune.com.pk">The Express Tribune</a>.</p>
</Description>
<PublishedDate>Sat, 18 Mar 2017 12:03:59 +0000</PublishedDate>
<NewsChannel></NewsChannel>
<Title>This is unacceptable: Anushka Sharma on ‘Padmavati’ incident</Title>
<Description><p>Actor condemns torching of the set</p>
<p>The post <a rel="nofollow" href="https://tribune.com.pk/story/1359112/unacceptable-anushka-sharma-padmavati-incident/">This is unacceptable: Anushka Sharma on &#8216;Padmavati&#8217; incident</a> appeared first on <a rel="nofollow" href="https://tribune.com.pk">The Express Tribune</a>.</p>
</Description>
<PublishedDate>Sat, 18 Mar 2017 11:59:22 +0000</PublishedDate>
<NewsChannel></NewsChannel>
<Title>Iran MP slams Guards for social media arrests</Title>
<Description><p>The arrests are alleged to have targeted people supporting reformists and President Hassan Rouhani's moderate govt</p>
<p>The post <a rel="nofollow" href="https://tribune.com.pk/story/1359095/iran-mp-slams-guards-social-media-arrests/">Iran MP slams Guards for social media arrests</a> appeared first on <a rel="nofollow" href="https://tribune.com.pk">The Express Tribune</a>.</p>
</Description>
<PublishedDate>Sat, 18 Mar 2017 11:39:37 +0000</PublishedDate>
<NewsChannel></NewsChannel>
<Title>Immigration judges headed to 12 US cities to speed deportations</Title>
<Description><p>The plan is in line with a vow made frequently by Trump during election campaign to deport illegal immigrants </p>
<p>The post <a rel="nofollow" href="https://tribune.com.pk/story/1359101/immigration-judges-headed-12-us-cities-speed-deportations/">Immigration judges headed to 12 US cities to speed deportations</a> appeared first on <a rel="nofollow" href="https://tribune.com.pk">The Express Tribune</a>.</p>
</Description>
<PublishedDate>Sat, 18 Mar 2017 11:18:07 +0000</PublishedDate>
<NewsChannel></NewsChannel>
<Title>Spot-fixing is never a mistake, it’s a crime: Hafeez</Title>
<Description><p>Pakistan veteran all-rounder says example should be made out of guilty players</p>
<p>The post <a rel="nofollow" href="https://tribune.com.pk/story/1359099/spot-fixing-never-mistake-crime-hafeez/">Spot-fixing is never a mistake, it’s a crime: Hafeez</a> appeared first on <a rel="nofollow" href="https://tribune.com.pk">The Express Tribune</a>.</p>
</Description>
<PublishedDate>Sat, 18 Mar 2017 11:16:23 +0000</PublishedDate>
<NewsChannel></NewsChannel>
<Title>Sounds of Kolachi concert: The night was laced with Sufi beats</Title>
<Description><p>The night comprised jazz, scat vocals and dazzling instrumentality throughout</p>
<p>The post <a rel="nofollow" href="https://tribune.com.pk/story/1359090/sounds-kolachi-concert-night-laced-sufi-beats/">Sounds of Kolachi concert: The night was laced with Sufi beats</a> appeared first on <a rel="nofollow" href="https://tribune.com.pk">The Express Tribune</a>.</p>
</Description>
<PublishedDate>Sat, 18 Mar 2017 11:11:12 +0000</PublishedDate>
<NewsChannel></NewsChannel>
<Title>British activist Maureen Lines passes away in Peshawar</Title>
<Description><p>She was living in Kalash Valley, Khyber-Pakhtunkhwa since 1980</p>
<p>The post <a rel="nofollow" href="https://tribune.com.pk/story/1359122/british-activist-maureen-lines-passes-away-peshawar/">British activist Maureen Lines passes away in Peshawar</a> appeared first on <a rel="nofollow" href="https://tribune.com.pk">The Express Tribune</a>.</p>
</Description>
<PublishedDate>Sat, 18 Mar 2017 12:57:50 +0000</PublishedDate>
<NewsChannel></NewsChannel>
<Title>German Foreign Minister says Turkey further away from EU membership than ever</Title>
<Description><p>Minister says he also said that he always had doubts about whether Turkey should join the EU</p>
<p>The post <a rel="nofollow" href="https://tribune.com.pk/story/1359117/german-foreign-minister-says-turkey-away-eu-membership-ever/">German Foreign Minister says Turkey further away from EU membership than ever</a> appeared first on <a rel="nofollow" href="https://tribune.com.pk">The Express Tribune</a>.</p>
</Description>
<PublishedDate>Sat, 18 Mar 2017 12:22:52 +0000</PublishedDate>
<NewsChannel></NewsChannel>
<Title>ATC orders police to produce Farooq Sattar ‘at all costs’</Title>
<Description><p>Development comes a day after MQM-Pakistan chief was briefly detained for hate speech case</p>
<p>The post <a rel="nofollow" href="https://tribune.com.pk/story/1359067/atc-orders-police-produce-farooq-sattar-costs/">ATC orders police to produce Farooq Sattar &#8216;at all costs&#8217;</a> appeared first on <a rel="nofollow" href="https://tribune.com.pk">The Express Tribune</a>.</p>
</Description>
<PublishedDate>Sat, 18 Mar 2017 12:03:59 +0000</PublishedDate>
<NewsChannel></NewsChannel>
<Title>This is unacceptable: Anushka Sharma on ‘Padmavati’ incident</Title>
<Description><p>Actor condemns torching of the set</p>
<p>The post <a rel="nofollow" href="https://tribune.com.pk/story/1359112/unacceptable-anushka-sharma-padmavati-incident/">This is unacceptable: Anushka Sharma on &#8216;Padmavati&#8217; incident</a> appeared first on <a rel="nofollow" href="https://tribune.com.pk">The Express Tribune</a>.</p>
</Description>
<PublishedDate>Sat, 18 Mar 2017 11:59:22 +0000</PublishedDate>
<NewsChannel></NewsChannel>
<Title>Iran MP slams Guards for social media arrests</Title>
<Description><p>The arrests are alleged to have targeted people supporting reformists and President Hassan Rouhani's moderate govt</p>
<p>The post <a rel="nofollow" href="https://tribune.com.pk/story/1359095/iran-mp-slams-guards-social-media-arrests/">Iran MP slams Guards for social media arrests</a> appeared first on <a rel="nofollow" href="https://tribune.com.pk">The Express Tribune</a>.</p>
</Description>
<PublishedDate>Sat, 18 Mar 2017 11:39:37 +0000</PublishedDate>
<NewsChannel></NewsChannel>
<Title>Immigration judges headed to 12 US cities to speed deportations</Title>
<Description><p>The plan is in line with a vow made frequently by Trump during election campaign to deport illegal immigrants </p>
<p>The post <a rel="nofollow" href="https://tribune.com.pk/story/1359101/immigration-judges-headed-12-us-cities-speed-deportations/">Immigration judges headed to 12 US cities to speed deportations</a> appeared first on <a rel="nofollow" href="https://tribune.com.pk">The Express Tribune</a>.</p>
</Description>
<PublishedDate>Sat, 18 Mar 2017 11:18:07 +0000</PublishedDate>
<NewsChannel></NewsChannel>
<Title>Spot-fixing is never a mistake, it’s a crime: Hafeez</Title>
<Description><p>Pakistan veteran all-rounder says example should be made out of guilty players</p>
<p>The post <a rel="nofollow" href="https://tribune.com.pk/story/1359099/spot-fixing-never-mistake-crime-hafeez/">Spot-fixing is never a mistake, it’s a crime: Hafeez</a> appeared first on <a rel="nofollow" href="https://tribune.com.pk">The Express Tribune</a>.</p>
</Description>
<PublishedDate>Sat, 18 Mar 2017 11:16:23 +0000</PublishedDate>
<NewsChannel></NewsChannel>
<Title>Sounds of Kolachi concert: The night was laced with Sufi beats</Title>
<Description><p>The night comprised jazz, scat vocals and dazzling instrumentality throughout</p>
<p>The post <a rel="nofollow" href="https://tribune.com.pk/story/1359090/sounds-kolachi-concert-night-laced-sufi-beats/">Sounds of Kolachi concert: The night was laced with Sufi beats</a> appeared first on <a rel="nofollow" href="https://tribune.com.pk">The Express Tribune</a>.</p>
</Description>
<PublishedDate>Sat, 18 Mar 2017 11:11:12 +0000</PublishedDate>
<NewsChannel></NewsChannel>
<Title>Pictures of the day: March 18, 2017</Title>
<Description><p>We look at 13 pictures from events around the world</p>
<p>The post <a rel="nofollow" href="https://tribune.com.pk/story/1358766/pictures-day-march-18-2017/">Pictures of the day: March 18, 2017</a> appeared first on <a rel="nofollow" href="https://tribune.com.pk">The Express Tribune</a>.</p>
</Description>
<PublishedDate>Sat, 18 Mar 2017 10:56:07 +0000</PublishedDate>
<NewsChannel></NewsChannel>
<Title>British activist Maureen Lines passes away in Peshawar</Title>
<Description><p>She was living in Kalash Valley, Khyber-Pakhtunkhwa since 1980</p>
<p>The post <a rel="nofollow" href="https://tribune.com.pk/story/1359122/british-activist-maureen-lines-passes-away-peshawar/">British activist Maureen Lines passes away in Peshawar</a> appeared first on <a rel="nofollow" href="https://tribune.com.pk">The Express Tribune</a>.</p>
</Description>
<PublishedDate>Sat, 18 Mar 2017 12:57:50 +0000</PublishedDate>
<NewsChannel></NewsChannel>
<Title>German Foreign Minister says Turkey further away from EU membership than ever</Title>
<Description><p>Minister says he also said that he always had doubts about whether Turkey should join the EU</p>
<p>The post <a rel="nofollow" href="https://tribune.com.pk/story/1359117/german-foreign-minister-says-turkey-away-eu-membership-ever/">German Foreign Minister says Turkey further away from EU membership than ever</a> appeared first on <a rel="nofollow" href="https://tribune.com.pk">The Express Tribune</a>.</p>
</Description>
<PublishedDate>Sat, 18 Mar 2017 12:22:52 +0000</PublishedDate>
<NewsChannel></NewsChannel>
<Title>ATC orders police to produce Farooq Sattar ‘at all costs’</Title>
<Description><p>Development comes a day after MQM-Pakistan chief was briefly detained for hate speech case</p>
<p>The post <a rel="nofollow" href="https://tribune.com.pk/story/1359067/atc-orders-police-produce-farooq-sattar-costs/">ATC orders police to produce Farooq Sattar &#8216;at all costs&#8217;</a> appeared first on <a rel="nofollow" href="https://tribune.com.pk">The Express Tribune</a>.</p>
</Description>
<PublishedDate>Sat, 18 Mar 2017 12:03:59 +0000</PublishedDate>
<NewsChannel></NewsChannel>
<Title>This is unacceptable: Anushka Sharma on ‘Padmavati’ incident</Title>
<Description><p>Actor condemns torching of the set</p>
<p>The post <a rel="nofollow" href="https://tribune.com.pk/story/1359112/unacceptable-anushka-sharma-padmavati-incident/">This is unacceptable: Anushka Sharma on &#8216;Padmavati&#8217; incident</a> appeared first on <a rel="nofollow" href="https://tribune.com.pk">The Express Tribune</a>.</p>
</Description>
<PublishedDate>Sat, 18 Mar 2017 11:59:22 +0000</PublishedDate>
<NewsChannel></NewsChannel>
<Title>Iran MP slams Guards for social media arrests</Title>
<Description><p>The arrests are alleged to have targeted people supporting reformists and President Hassan Rouhani's moderate govt</p>
<p>The post <a rel="nofollow" href="https://tribune.com.pk/story/1359095/iran-mp-slams-guards-social-media-arrests/">Iran MP slams Guards for social media arrests</a> appeared first on <a rel="nofollow" href="https://tribune.com.pk">The Express Tribune</a>.</p>
</Description>
<PublishedDate>Sat, 18 Mar 2017 11:39:37 +0000</PublishedDate>
<NewsChannel></NewsChannel>
<Title>Immigration judges headed to 12 US cities to speed deportations</Title>
<Description><p>The plan is in line with a vow made frequently by Trump during election campaign to deport illegal immigrants </p>
<p>The post <a rel="nofollow" href="https://tribune.com.pk/story/1359101/immigration-judges-headed-12-us-cities-speed-deportations/">Immigration judges headed to 12 US cities to speed deportations</a> appeared first on <a rel="nofollow" href="https://tribune.com.pk">The Express Tribune</a>.</p>
</Description>
<PublishedDate>Sat, 18 Mar 2017 11:18:07 +0000</PublishedDate>
<NewsChannel></NewsChannel>
<Title>Spot-fixing is never a mistake, it’s a crime: Hafeez</Title>
<Description><p>Pakistan veteran all-rounder says example should be made out of guilty players</p>
<p>The post <a rel="nofollow" href="https://tribune.com.pk/story/1359099/spot-fixing-never-mistake-crime-hafeez/">Spot-fixing is never a mistake, it’s a crime: Hafeez</a> appeared first on <a rel="nofollow" href="https://tribune.com.pk">The Express Tribune</a>.</p>
</Description>
<PublishedDate>Sat, 18 Mar 2017 11:16:23 +0000</PublishedDate>
<NewsChannel></NewsChannel>
<Title>Sounds of Kolachi concert: The night was laced with Sufi beats</Title>
<Description><p>The night comprised jazz, scat vocals and dazzling instrumentality throughout</p>
<p>The post <a rel="nofollow" href="https://tribune.com.pk/story/1359090/sounds-kolachi-concert-night-laced-sufi-beats/">Sounds of Kolachi concert: The night was laced with Sufi beats</a> appeared first on <a rel="nofollow" href="https://tribune.com.pk">The Express Tribune</a>.</p>
</Description>
<PublishedDate>Sat, 18 Mar 2017 11:11:12 +0000</PublishedDate>
<NewsChannel></NewsChannel>
<Title>Pictures of the day: March 18, 2017</Title>
<Description><p>We look at 13 pictures from events around the world</p>
<p>The post <a rel="nofollow" href="https://tribune.com.pk/story/1358766/pictures-day-march-18-2017/">Pictures of the day: March 18, 2017</a> appeared first on <a rel="nofollow" href="https://tribune.com.pk">The Express Tribune</a>.</p>
</Description>
<PublishedDate>Sat, 18 Mar 2017 10:56:07 +0000</PublishedDate>
<NewsChannel></NewsChannel>
<Title>Bohemia allegedly jeopardised Rap Engineers, Lazarus collaboration</Title>
<Description><p>Rapper Xpolymer Dar claims hip-hop artist has a grudge against his troupe </p>
<p>The post <a rel="nofollow" href="https://tribune.com.pk/story/1359076/bohemia-allegedly-jeopardised-rap-engineers-lazarus-collaboration/">Bohemia allegedly jeopardised Rap Engineers, Lazarus collaboration</a> appeared first on <a rel="nofollow" href="https://tribune.com.pk">The Express Tribune</a>.</p>
</Description>
<PublishedDate>Sat, 18 Mar 2017 10:55:44 +0000</PublishedDate>
<NewsChannel></NewsChannel>
</Newsitem>
